<?xml version="1.0" encoding="UTF-8"?>
<!DOCTYPE mapper PUBLIC "-//mybatis.org//DTD Mapper 3.0//EN" "http://mybatis.org/dtd/mybatis-3-mapper.dtd">
<mapper namespace="member">

	<!-- get,set이름과 같아야 하는데 틀린경우 db이름 = #{get,set이름} -->
	<insert id="setMember" parameterType="membervo">
		INSERT INTO member SET
		mem_id = #{memID},
		mem_pwd = #{memPwd},
		mem_name = #{memName},
		mem_email = #{memEmail},
		mem_regdate = now()
	</insert>

	<!--검색을 위한 함수  -->
	<sql id="searchData">
		<choose>
			<when test="searchOpt == 'all' ">
				WHERE mem_name LIKE CONCAT('%',#{words},'%') OR  mem_id LIKE CONCAT('%',#{words},'%')
			</when>
			<otherwise>
				<!--OR이 아닌걸 선택하면  -->
				WHERE ${searchOpt} LIKE CONCAT('%',#{words},'%')
			</otherwise>
		</choose>
	
	</sql>

	<!--parameterType은 검색을 위해 만듬  -->
	<select id="getMemberList" parameterType="hashmap" resultType="membervo">
		<!-- 컬럼명을 모델변수명과 매칭해야함 -->
		SELECT
		mem_num AS memNum,
		mem_id AS memID,
		mem_pwd AS memPwd, 
		mem_name AS memName, 
		mem_email AS memEmail, 
		mem_regdate AS memRegdate,
		mem_level AS memLevel, 
		mem_confirm AS memConfirm
		FROM member <include refid="searchData"></include> ORDER BY mem_num DESC

	</select>
	
	<!--페이지 수  -->
	<select id="getMemberCount" parameterType="hashmap" resultType="int">
		<!-- 컬럼명을 모델변수명과 매칭해야함 -->
		SELECT COUNT(mem_id) FROM member <include refid="searchData"></include> 

	</select>
	
	<update id="setMemConfirm" parameterType="membervo">
		UPDATE member SET mem_confirm = #{memConfirm} WHERE mem_num = #{memNum}
	</update>

	
	<!--받을게 한개라서 membervo또는 membervo가 string 이라 string넣어도 됨  -->
	<select id="checkID" parameterType="String" resultType="int"> 
		SELECT COUNT(mem_id) FROM member WHERE mem_id = #{memID}
	</select>
	
	<select id="checkLogin" parameterType="membervo" resultType="membervo">
		SELECT mem_id AS memID, mem_name AS memName, mem_level AS memLevel, mem_confirm AS memConfirm
		 FROM member WHERE mem_id = #{memID} AND mem_pwd = #{memPwd}
	</select>
</mapper>







